idpage, Milestones, Cum, weekYear
13, , , 38
14, , , 38
15, , , 38
16, , , 38
17, , , 38
18, , , 38
19, , , 38
20, , , 38
21, , , 38
22, , , 38
23, , , 38
24, , , 38
13, , , 39
14, , , 39
15, , , 39
16, , , 39
17, , , 39
18, , , 39
19, , , 39
20, , , 39
21, , , 39
22, , , 39
23, , , 39
24, , , 39
13, , , 40
14, , , 40
15, , , 40
16, , , 40
17, , , 40
18, , , 40
19, , , 40
20, , , 40
21, , , 40
22, , , 40
23, , , 40
24, , , 40
13, , , 41
14, , , 41
15, , , 41
16, , , 41
17, , , 41
18, , , 41
19, , , 41
20, , , 41
21, , , 41
22, , , 41
23, , , 41
24, , , 41
13, , , 42
14, , , 42
15, , , 42
16, , , 42
17, , , 42
18, , , 42
19, , , 42
20, 915, 915, 42
21, , , 42
22, , , 42
23, , , 42
24, , , 42
13, , , 43
14, , , 43
15, , , 43
16, , , 43
17, , , 43
18, , , 43
19, , , 43
20, , 915, 43
21, , , 43
22, , , 43
23, , , 43
24, , , 43
13, , , 44
14, , , 44
15, , , 44
16, , , 44
17, , , 44
18, , , 44
19, , , 44
20, , 915, 44
21, , , 44
22, , , 44
23, , , 44
24, , , 44
13, , , 45
14, , , 45
15, , , 45
16, , , 45
17, , , 45
18, , , 45
19, , , 45
20, , 915, 45
21, , , 45
22, , , 45
23, , , 45
24, , , 45
13, , , 46
14, , , 46
15, , , 46
16, , , 46
17, , , 46
18, , , 46
19, , , 46
20, , 915, 46
21, , , 46
22, , , 46
23, , , 46
24, , , 46
13, , , 47
14, , , 47
15, , , 47
16, , , 47
17, , , 47
18, , , 47
19, , , 47
20, , 915, 47
21, , , 47
22, , , 47
23, , , 47
24, , , 47
13, , , 48
14, , , 48
15, , , 48
16, , , 48
17, , , 48
18, , , 48
19, , , 48
20, , 915, 48
21, , , 48
22, , , 48
23, , , 48
24, , , 48
13, , , 49
14, , , 49
15, , , 49
16, , , 49
17, , , 49
18, , , 49
19, , , 49
20, , 915, 49
21, , , 49
22, , , 49
23, , , 49
24, , , 49
13, , , 50
14, , , 50
15, , , 50
16, , , 50
17, , , 50
18, , , 50
19, , , 50
20, , 915, 50
21, , , 50
22, , , 50
23, , , 50
24, , , 50
13, , , 51
14, , , 51
15, , , 51
16, , , 51
17, , , 51
18, , , 51
19, , , 51
20, , 915, 51
21, , , 51
22, , , 51
23, , , 51
24, , , 51
13, , , 52
14, , , 52
15, , , 52
16, , , 52
17, , , 52
18, , , 52
19, , , 52
20, , 915, 52
21, , , 52
22, , , 52
23, , , 52
24, , , 52
